Date,Current_Close,Actual_Next_Close,Predicted_Next_Close,Actual_Return,Predicted_Return,Absolute_Error
2025-09-24,3768.10009765625,3771.10009765625,3780.03374438075,0.0007961571938777112,0.003167019562968248,8.933646724499795
2025-09-25,3771.10009765625,3809.0,3780.9096685997733,0.010050091846489195,0.0026012491552848665,28.09033140022666
2025-09-26,3809.0,3855.199951171875,3804.328656051052,0.012129154941421527,-0.0012263964161061255,50.871295120823106
2025-09-29,3855.199951171875,3873.199951171875,3860.7640385737704,0.0046690185276974105,0.001443268176065421,12.43591259810455
2025-09-30,3873.199951171875,3897.5,3874.4435220226137,0.0062738947470999396,0.00032107065641233764,23.056477977386294
2025-10-01,3897.5,3868.10009765625,3889.8294304907895,-0.007543271929121187,-0.00196807428074678,21.72933283453949
2025-10-02,3868.10009765625,3908.89990234375,3876.5741622458168,0.010547763412901645,0.002190756282315755,32.32574009793325
2025-10-03,3908.89990234375,3976.300048828125,3904.3341592911247,0.017242740455943206,-0.001168037853793009,71.9658895370003
2025-10-06,3976.300048828125,4004.39990234375,3972.908494511343,0.0070668342857844735,-0.0008529422516245124,31.49140783240682
2025-10-07,4004.39990234375,4070.5,3997.184681939794,0.016506867263072822,-0.001801823139525386,73.31531806020621
2025-10-08,4070.5,3972.60009765625,4064.6405302462963,-0.024051075382324094,-0.0014394963158589477,92.0404325900463
2025-10-09,3972.60009765625,4000.39990234375,3972.299765393752,0.006997886523715691,-7.560093015033998e-05,28.10013694999816
2025-10-10,4000.39990234375,4133.0,4015.3434320544197,0.033146710552253156,0.0037355089679695867,117.65656794558026
2025-10-13,4133.0,4163.39990234375,4135.479881510804,0.0073554082612508065,0.0006000197219463955,27.920020832945738
2025-10-14,4163.39990234375,4201.60009765625,4141.106226505493,0.009175240478579871,-0.005354680396112506,60.493871150756604
2025-10-15,4201.60009765625,4304.60009765625,4177.09026757539,0.024514470108056186,-0.005833451425930005,127.50983008086041
2025-10-16,4304.60009765625,4213.2998046875,4269.435184099427,-0.021209936091034498,-0.008169147600022072,56.135379411926806
2025-10-17,4213.2998046875,4359.39990234375,4211.595156541483,0.034675932031636325,-0.00040458743147590853,147.80474580226655
2025-10-20,4359.39990234375,4109.10009765625,4331.3567036181785,-0.0574161146704919,-0.006432811706605503,222.25660596192847
2025-10-21,4109.10009765625,4065.39990234375,4112.260555511211,-0.01063497950254988,0.0007691362536443216,46.86065316746135
2025-10-22,4065.39990234375,4145.60009765625,4082.931996262549,0.0197275046093901,0.004312513981389967,62.66810139370091
2025-10-23,4145.60009765625,4137.7998046875,4133.93335934704,-0.001881583554853683,-0.002814245955804075,3.8664453404599044
2025-10-24,4137.7998046875,4019.699951171875,4128.450778024549,-0.028541703100724125,-0.0022594197651513827,108.75082685267444
2025-10-27,4019.699951171875,3983.10009765625,4041.2777165400994,-0.009105120770259267,0.005368003987942951,58.17761888384939
2025-10-28,3983.10009765625,4000.699951171875,4004.775736415316,0.004418631991192301,0.0054419015911300475,4.075785243440805
2025-10-29,4000.699951171875,4015.89990234375,4018.086804095159,0.0037993229578294763,0.004345952742142226,2.1869017514090956
2025-10-30,4015.89990234375,3996.5,4024.378772099178,-0.004830773379692066,0.0021113249736328505,27.87877209917815
2025-10-31,3996.5,4014.0,4011.402819640321,0.0043788314775428105,0.003728967756867558,2.597180359678987
2025-11-03,4014.0,3960.5,4021.4348821313733,-0.013328350772296993,0.0018522377008901689,60.93488213137334
2025-11-05,3992.89990234375,3991.0,3993.70818297686,-0.0004758201783707783,0.00020242947553861528,2.7081829768599164
2025-11-06,3991.0,4009.800048828125,3999.686505834913,0.004710611081965688,0.0021765236369113137,10.113542993211922
2025-11-07,4009.800048828125,4122.0,4013.7102840645493,0.027981432940693773,0.0009751696316048119,108.28971593545066
2025-11-10,4122.0,4116.2998046875,4134.852384561733,-0.001382871254852036,0.0031179972250686173,18.552579874232833
2025-11-11,4116.2998046875,4213.60009765625,4121.828119158228,0.023637805209899332,0.0013430300835797096,91.77197849802178
2025-11-12,4213.60009765625,4194.5,4200.928493419195,-0.004532964024486885,-0.0030073105998130794,6.428493419194638
2025-11-13,4194.5,4094.199951171875,4201.913574681313,-0.02391227770368931,0.001767451348507171,107.71362350943764
2025-11-14,4094.199951171875,4074.5,4101.579434371585,-0.004811672953646595,0.0018024237427871565,27.079434371585194
2025-11-17,4074.5,4066.5,4071.3954222494267,-0.0019634310958399626,-0.0007619530618660737,4.8954222494267015
2025-11-18,4066.5,4082.800048828125,4072.118784727502,0.0040083730058095846,0.0013817250036892604,10.681264100623139
2025-11-19,4082.800048828125,4060.0,4081.7982872241278,-0.005584414753465383,-0.00024536141667893933,21.798287224127762
2025-11-20,4060.0,4079.5,4056.5708822279826,0.004802955665024644,-0.0008446102886742401,22.929117772017435
2025-11-21,4079.5,4094.199951171875,4091.7651943190754,0.0036033707983516017,0.0030065435271664086,2.4347568527996373
2025-11-24,4094.199951171875,4140.0,4090.946632266156,0.011186568651835316,-0.0007946165171507317,49.05336773384397
2025-11-25,4140.0,4165.2001953125,4139.365470629233,0.006087003698671545,-0.00015326796395347432,25.834724683267268
2025-11-26,4165.2001953125,4254.89990234375,4171.14452864387,0.02153550917725333,0.0014271422867164877,83.75537369987978
2025-11-28,4254.89990234375,4274.7998046875,4272.50807824415,0.004676937836490147,0.004138329056977632,2.291726443349944
2025-12-01,4274.7998046875,4220.7998046875,4275.199628861816,-0.012632170503233064,9.353050261618224e-05,54.399824174315654
2025-12-02,4220.7998046875,4232.5,4228.104718085555,0.002772032755381071,0.0017306941186696952,4.39528191444515
2025-12-03,4232.5,4243.0,4232.059015894278,0.0024808033077377,-0.0001041899836320368,10.940984105722237
2025-12-04,4243.0,4243.0,4256.22121694262,0.0,0.0031160068212632303,13.22121694262023
2025-12-05,4243.0,4217.7001953125,4254.003024549572,-0.0059627161648597715,0.002593218135651969,36.30282923707182
2025-12-08,4217.7001953125,4236.2001953125,4210.481634504153,0.004386276677645462,-0.0017114921578280302,25.71856080834732
2025-12-09,4236.2001953125,4224.7001953125,4240.493648218826,-0.002714697009061351,0.001013515109856486,15.79345290632591
2025-12-10,4224.7001953125,4313.0,4228.88640356471,0.020900845173693616,0.0009908888343969206,84.11359643528976
2025-12-11,4313.0,4328.2998046875,4320.140589228963,0.003547369507883147,0.0016555968534578138,8.159215458536892
2025-12-12,4328.2998046875,4335.2001953125,4326.704752187638,0.0015942496907277448,-0.00036851710182693345,8.495443124861595
2025-12-15,4335.2001953125,4332.2998046875,4347.880941771495,-0.0006690326846119365,0.0029250659456757024,15.58113708399469
2025-12-16,4332.2998046875,4373.89990234375,4340.450787104465,0.009602312751125552,0.001881444679370059,33.449115239284765
2025-12-17,4373.89990234375,4364.5,4375.55685426289,-0.0021490894976158303,0.0003788271236505303,11.056854262889829
2025-12-18,4364.5,4387.2998046875,4366.370310009301,0.0052239213397868856,0.0004285278976517951,20.929494678199262
2025-12-19,4387.2998046875,4469.39990234375,4382.8184438573535,0.01871312682313886,-0.001021439388609493,86.58145848639651
2025-12-22,4469.39990234375,4505.7001953125,4469.2169263579535,0.008121961283821255,-4.093972116939092e-05,36.483268954546475
2025-12-23,4505.7001953125,4502.7998046875,4504.983530647493,-0.0006437158486526373,-0.00015905733491815987,2.183725959993353
2025-12-24,4502.7998046875,4552.7001953125,4502.761774056539,0.011082080658583404,-8.445996404560353e-06,49.93842125596075
2025-12-26,4552.7001953125,4343.60009765625,4548.751800482943,-0.045928808989342484,-0.0008672644057746119,205.1517028266926
2025-12-29,4343.60009765625,4386.2998046875,4335.646906420384,0.009830487630362317,-0.0018310136884280529,50.65289826711614
2025-12-30,4386.2998046875,4341.10009765625,4374.70559701386,-0.010304746379384833,-0.002643277520895829,33.605499357609915
2025-12-31,4341.10009765625,4329.60009765625,4331.297842969596,-0.002649098095252156,-0.0022580116712689565,1.6977453133458766
2026-01-02,4329.60009765625,4451.5,4320.787310787935,0.028155002677900498,-0.0020354736394904756,130.71268921206502
2026-01-05,4451.5,4496.10009765625,4459.147411992339,0.01001911662501409,0.0017179404677836732,36.952685663911325
2026-01-06,4496.10009765625,4462.5,4488.30545431236,-0.0074731649488331,-0.0017336454203840175,25.80545431235987
2026-01-07,4462.5,4460.7001953125,4476.280648639059,-0.00040331757703082616,0.0030881005353634522,15.580453326559109
2026-01-08,4460.7001953125,4500.89990234375,4467.578733570736,0.009011972396955503,0.0015420310617297469,33.321168773013596
2026-01-09,4500.89990234375,4614.7001953125,4517.435190677307,0.025283897762198748,0.003673773843525445,97.26500463519278
2026-01-12,4614.7001953125,4599.10009765625,4597.683712021526,-0.00338052245996312,-0.003687451528976749,1.4163856347240653
2026-01-13,4599.10009765625,4635.7001953125,4596.104401760056,0.007958099819332487,-0.0006513656655833792,39.595793552443865
2026-01-14,4635.7001953125,4623.7001953125,4640.67095660033,-0.002588605710984959,0.001072278421468266,16.9707612878301
2026-01-15,4623.7001953125,4595.39990234375,4624.130260641781,-0.006120702418690671,9.30132385565794e-05,28.730358298031206
2026-01-16,4595.39990234375,4765.7998046875,4592.331796532868,0.037080538356812465,-0.0006676471854640304,173.46800815463212
2026-01-20,4765.7998046875,4837.5,4768.8285185636105,0.015044735039432044,0.0006355100927930279,68.67148143638951
2026-01-21,4837.5,4913.39990234375,4821.438497086417,0.01568990229328171,-0.0033202073206373426,91.96140525733335
2026-01-22,4913.39990234375,4979.7001953125,4884.590796176373,0.013493770970509411,-0.005863375003047106,95.10939913612674
2026-01-23,4979.7001953125,5082.5,4956.964690182829,0.02064377385294547,-0.0045656373351697,125.53530981717086
2026-01-26,5082.5,5082.60009765625,5040.019622978054,1.9694570831285674e-05,-0.008358165670820697,42.58047467819597
2026-01-27,5082.60009765625,5303.60009765625,5045.035306070769,0.04348168176794198,-0.007390861146601518,258.56479158548063
2026-01-28,5303.60009765625,5318.39990234375,5268.073108424995,0.0027905204794833605,-0.0066986553618465184,50.32679391875536
2026-01-29,5318.39990234375,4745.10009765625,5301.184160537665,-0.10779554287274529,-0.0032370152907264626,556.0840628814149
2026-01-30,4745.10009765625,4652.60009765625,4760.043597308348,-0.019493793196415088,0.0031492485605264103,107.44349965209767
2026-02-02,4652.60009765625,4935.0,4664.530471482795,0.06069722228781482,0.002564237969335814,270.4695285172047
2026-02-03,4935.0,4950.7998046875,4962.276679143807,0.0032015814969605927,0.005527189289525303,11.476874456307087
2026-02-04,4950.7998046875,4889.5,4952.463963162389,-0.012381798316599357,0.00033613931900700517,62.96396316238861
2026-02-05,4889.5,4979.7998046875,4899.663560601005,0.018468106081910296,0.002078650291646321,80.13624408649503
2026-02-06,4979.7998046875,5079.39990234375,4985.606447202233,0.020000823640037968,0.001166039347458673,93.79345514151737
2026-02-09,5079.39990234375,5031.0,5070.811417459789,-0.009528665447549711,-0.001690846369469507,39.81141745978857
2026-02-10,5031.0,5098.5,5041.179770360961,0.013416815742397059,0.0020234089367841277,57.3202296390391
2026-02-11,5098.5,4948.39990234375,5094.880279286953,-0.02944005053569676,-0.0007099579705888644,146.48037694320283
2026-02-12,4948.39990234375,5046.2998046875,4950.112894866712,0.019784153317394804,0.0003461709960325891,96.18690982078806
2026-02-13,5046.2998046875,4905.89990234375,5043.1862915380225,-0.027822346625805405,-0.0006169893327751571,137.2863891942725
2026-02-17,4905.89990234375,5009.5,4908.979626469843,0.02111745035946533,0.0006277592668824104,100.52037353015658
2026-02-18,5009.5,4997.39990234375,5009.7007867184375,-0.0024154302138437167,4.0081189427740486e-05,12.300884374687485
2026-02-19,4997.39990234375,5080.89990234375,4991.198701445996,0.016708688844540687,-0.0012408854642281648,89.70120089775355
2026-02-20,5080.89990234375,5225.60009765625,5070.044009913939,0.02847924542771474,-0.0021366082069050594,155.55608774231132
2026-02-23,5225.60009765625,5176.2998046875,5204.857715458533,-0.00943437921911816,-0.003969378025505811,28.557910771032766
2026-02-24,5176.2998046875,5226.2001953125,5192.3154315456295,0.009640166239948345,0.003094029994867342,33.88476376687049
2026-02-25,5226.2001953125,5194.2001953125,5241.018735663675,-0.006122995446806945,0.0028354329718303243,46.818540351175216
2026-02-26,5194.2001953125,5247.89990234375,5204.470101157865,0.01033839763814104,0.0019771871431975576,43.42980118588457
2026-02-27,5247.89990234375,5311.60009765625,5239.781756063222,0.012138226051920498,-0.0015469323789699,71.81834159302798
2026-03-02,5311.60009765625,5123.7001953125,5294.561821566005,-0.03537538573859522,-0.0032077482824361594,170.86162625350516
2026-03-03,5123.7001953125,5134.7001953125,5127.579584270731,0.0021468859575475285,0.0007571459707537902,7.120611041768825
2026-03-04,5134.7001953125,5078.7001953125,5123.189566145124,-0.0109061868989202,-0.0022417334468493007,44.489370832624445
2026-03-05,5078.7001953125,5158.7001953125,5078.9423123331335,0.0157520619299083,4.767302879122563e-05,79.75788297936651
2026-03-06,5158.7001953125,5103.7001953125,5137.126200960653,-0.010661600387240178,-0.004182060118835969,33.42600564815257
2026-03-09,5103.7001953125,5242.10009765625,5096.645742447123,0.027117561190381778,-0.0013822232097129696,145.45435520912724
2026-03-10,5242.10009765625,5179.10009765625,5241.111359841865,-0.012018084131618867,-0.00018861482916496722,62.011262185615124
2026-03-11,5179.10009765625,5125.7998046875,5189.510774305344,-0.010291419737739838,0.002010132349788892,63.71096961784406
2026-03-12,5125.7998046875,5061.7001953125,5127.922167979753,-0.012505289285075327,0.00041405504957725444,66.22197266725289
2026-03-13,5061.7001953125,5002.2001953125,5076.550621553346,-0.011754943537568896,0.0029338810415122153,74.35042624084599
2026-03-16,5002.2001953125,5008.2001953125,5037.2619284022385,0.0011994721853840762,0.007009262268750042,29.061733089738482
2026-03-17,5008.2001953125,4896.2001953125,5026.405091968362,-0.022363323276259672,0.0036350177600530734,130.20489665586229
2026-03-18,4896.2001953125,4605.7001953125,4894.592588452373,-0.05933172427837352,-0.0003283376487885488,288.8923931398731
2026-03-19,4605.7001953125,4574.89990234375,4613.437057007645,-0.006687428982046439,0.0016798448372778627,38.53715466389531
2026-03-20,4574.89990234375,4407.2998046875,4573.748498542062,-0.036634702667568186,-0.00025167846865841386,166.4486938545624
2026-03-23,4407.2998046875,4402.0,4408.770591571039,-0.0012025060518604525,0.00033371609573178856,6.770591571039404
2026-03-24,4402.0,4552.2998046875,4404.498068475473,0.03414352673500676,0.0005674848876584798,147.8017362120272
2026-03-25,4552.2998046875,4376.2998046875,4573.385487512001,-0.03866177702504847,0.004631874816941929,197.08568282450142
2026-03-26,4376.2998046875,4492.5,4395.049937347706,0.02655215604471084,0.004284471699156166,97.45006265229404
2026-03-27,4492.5,4526.0,4521.62550688133,0.007456872565386741,0.0064831400960109736,4.374493118670216
2026-03-30,4526.0,4647.60009765625,4532.972440202285,0.026867012297006276,0.0015405303142477051,114.62765745396518
2026-03-31,4647.60009765625,4813.10009765625,4677.656636508973,0.035609776341011035,0.006467109523446271,135.44346114727705
2026-04-01,4813.10009765625,4679.7001953125,4814.926065056734,-0.0277160041630361,0.0003793744911668435,135.22586974423393
2026-04-02,4679.7001953125,4684.7001953125,4691.315196665212,0.0010684445138191556,0.0024819968946614185,6.61500135271217
2026-04-07,4684.7001953125,4777.2001953125,4669.878257379986,0.019745126933107704,-0.003163903198617607,107.32193793251372
2026-04-08,4777.2001953125,4818.0,4760.079163596595,0.008540526463080456,-0.0035839050104502835,57.92083640340479
2026-04-09,4818.0,4787.39990234375,4818.419324982092,-0.006351203332555011,8.703299752842239e-05,31.019422638341894
2026-04-10,4787.39990234375,4767.39990234375,4790.692634541474,-0.004177633038386586,0.0006877913407885889,23.292732197724035
2026-04-13,4767.39990234375,4850.10009765625,4759.940568198912,0.017347022906939902,-0.0015646545911054074,90.15952945733807
2026-04-14,4850.10009765625,4823.60009765625,4846.139059817522,-0.005463804759989532,-0.0008166919772733213,22.53896216127214
2026-04-15,4823.60009765625,4808.2998046875,4825.506718119233,-0.0031719654737100145,0.0003952691816033466,17.206913431732573
2026-04-16,4808.2998046875,4879.60009765625,4806.2381901389535,0.014828587206488386,-0.00042876164804384346,73.36190751729646
2026-04-17,4879.60009765625,4828.7998046875,4866.3314699638295,-0.010410749231919647,-0.002719203915663874,37.53166527632948
2026-04-20,4828.7998046875,4719.60009765625,4833.419190094822,-0.02261425435886688,0.0009566322055506775,113.81909243857172
2026-04-21,4719.60009765625,4753.0,4715.5354859740155,0.007076850083195918,-0.0008612195097319713,37.4645140259845
2026-04-22,4753.0,4724.0,4758.342827138854,-0.00610140963601935,0.0011240957582273412,34.34282713885386
2026-04-23,4724.0,4740.89990234375,4728.132632730149,0.0035774560422840995,0.0008748164119707977,12.767269613600547
2026-04-24,4740.89990234375,4693.7001953125,4743.084074844817,-0.009955853952519855,0.0004607084195107395,49.38387953231722
2026-04-27,4693.7001953125,4608.39990234375,4713.469337613397,-0.018173357781551047,0.004211845980414343,105.06943526964733
2026-04-28,4608.39990234375,4561.5,4615.6825986399745,-0.010177046987588367,0.0015803090987222621,54.18259863997446
2026-04-29,4561.5,4629.60009765625,4580.072706991878,0.014929320981311056,0.004071622710046588,49.52739066437243
2026-04-30,4629.60009765625,4644.5,4624.862557708966,0.0032183994361183466,-0.0010233151562448024,19.63744229103395
2026-05-01,4644.5,4533.2998046875,4640.43125991229,-0.02394233939336854,-0.0008760340376165455,107.13145522479044
2026-05-04,4533.2998046875,4568.5,4542.538649685707,0.0077648063946933465,0.0020379955873764542,25.96135031429276
2026-05-05,4568.5,4694.2998046875,4580.0897803247,0.027536347748166712,0.0025368896409543175,114.21002436280014
2026-05-06,4694.2998046875,4710.89990234375,4726.793808353497,0.0035362244311012425,0.006922012870492543,15.893906009747298
2026-05-07,4710.89990234375,4730.7001953125,4728.353201726553,0.00420308080816989,0.0037048758718307667,2.3469935859466204
2026-05-08,4730.7001953125,4728.7001953125,4735.73069338202,-0.0004227703970718366,0.0010633728331598449,7.030498069520036
2026-05-11,4728.7001953125,4686.7001953125,4741.70352868913,-0.008881933357000271,0.0027498747730970844,55.0033333766296
2026-05-12,4686.7001953125,4706.7001953125,4678.574517816847,0.004267394790902879,-0.0017337736908753362,28.12567749565278
2026-05-13,4706.7001953125,4685.2998046875,4718.791112838703,-0.004546792813851397,0.0025688735259247965,33.49130815120316
2026-05-14,4685.2998046875,4561.89990234375,4693.2107777105875,-0.02633767474608395,0.0016884667690152085,131.31087536683754
2026-05-15,4561.89990234375,4558.0,4563.864823557025,-0.0008548855580426951,0.00043072431560046097,5.864823557025375
2026-05-18,4558.0,4511.2001953125,4570.080105794077,-0.010267618404453671,0.00265030842344818,58.8799104815771
2026-05-19,4511.2001953125,4535.2998046875,4514.5453288121125,0.005342172444495308,0.00074151741327916,20.75447587538747
2026-05-20,4535.2998046875,4542.5,4538.095600141663,0.001587589712384263,0.000616452180575638,4.4043998583365465
2026-05-21,4542.5,4523.2001953125,4548.757343237614,-0.0042487186984039305,0.0013775108943563147,25.557147925113895
2026-05-22,4523.2001953125,4502.2998046875,4533.856225266659,-0.004620708728890532,0.002355860783080574,31.55642057915884
2026-05-26,4502.2998046875,4448.39990234375,4515.125978004098,-0.01197163775891441,0.0028488048048787643,66.72607566034822
2026-05-27,4448.39990234375,4499.2998046875,4444.6196773697375,0.0114422946365349,-0.0008497943208794625,54.680127317762526
2026-05-28,4499.2998046875,4593.0,4486.220595279671,0.02082550605204836,-0.0029069432968663704,106.77940472032878
2026-05-29,4593.0,4506.2998046875,4605.766647233537,-0.01887659379762685,0.002779587901923934,99.46684254603679
2026-06-01,4506.2998046875,4519.89990234375,4517.681977591386,0.0030180188282420417,0.0025258356960729117,2.217924752363615
2026-06-02,4519.89990234375,4466.89990234375,4542.936432919472,-0.011725923393240967,0.0050966904297541984,76.03653057572228
2026-06-03,4466.89990234375,4505.0,4482.917504337906,0.008529427228995967,0.003585843055438004,22.082495662093606
2026-06-04,4505.0,4365.2998046875,4516.937578258052,-0.03101003225582688,0.0026498508896897503,151.63777357055187
2026-06-05,4365.2998046875,4363.39990234375,4368.573431372688,-0.00043522837577159024,0.0007499202418290907,5.173529028937992
2026-06-08,4363.39990234375,4286.39990234375,4378.378843474962,-0.0176467895960305,0.0034328600326471266,91.9789411312122
2026-06-09,4286.39990234375,4133.2998046875,4302.632057849767,-0.035717642110932535,0.0037868971341526647,169.33225316226708
2026-06-10,4133.2998046875,4114.0,4130.749853426281,-0.004669345462337993,-0.0006169286966135907,16.749853426281334
2026-06-11,4114.0,4238.7998046875,4117.411085810547,0.030335392486023238,0.0008291409359617205,121.38871887695313
2026-06-12,4238.7998046875,4351.60009765625,4246.076069146037,0.026611375428490236,0.0017165860134490403,105.5240285102127
2026-06-15,4351.60009765625,4354.39990234375,4353.289940987256,0.0006433965954288912,0.00038832688966892575,1.1099613564938409
2026-06-16,4354.39990234375,4381.39990234375,4358.591449676537,0.006200624794582499,0.0009626004562721295,22.808452667212805
2026-06-17,4381.39990234375,4245.89990234375,4363.431475529459,-0.03092618866575425,-0.0041010697984173675,117.53157318570902
2026-06-18,4245.89990234375,4202.7001953125,4251.530195528256,-0.010174452536529044,0.0013260541496508602,48.83000021575572
2026-06-22,4202.7001953125,4149.39990234375,4209.517677942959,-0.012682392388635888,0.0016221672528683995,60.11777559920938
2026-06-23,4149.39990234375,4008.800048828125,4161.6129659835415,-0.03388438251907422,0.002943332512465942,152.81291715541647
2026-06-24,4008.800048828125,4047.60009765625,4013.195532373886,0.009678718907286887,0.0010964586639950402,34.40456528236382
2026-06-25,4047.60009765625,4096.2998046875,4053.3800850381035,0.012031748655073171,0.0014280035681390867,42.919719649396484
2026-06-26,4096.2998046875,4038.89990234375,4097.04313093873,-0.014012622386199824,0.0001814628534708634,58.14322859498043
2026-06-29,4038.89990234375,4038.5,4054.3117442261455,-9.901268994505497e-05,0.003815851408808735,15.811744226145493
2026-06-30,4038.5,4082.39990234375,4047.753866770827,0.01087034848180024,0.0022914118536157702,34.64603557292321
2026-07-01,4082.39990234375,4125.7001953125,4068.791740206249,0.010606577994451527,-0.003333373129293078,56.90845510625104
2026-07-02,4125.7001953125,4167.5,4126.059730638646,0.010131566209050202,8.714528664842354e-05,41.440269361353785
2026-07-07,4157.39990234375,4082.39990234375,4169.092766055455,-0.018040121653372432,0.0028125424511394955,86.69286371170529
2026-07-08,4082.39990234375,4140.7998046875,4090.679589482096,0.01430528702252376,0.0020281421067035728,50.12021520540384
2026-07-09,4140.7998046875,4113.7001953125,4144.993711790653,-0.006544535030242882,0.001012825372143051,31.293516478152924
2026-07-10,4113.7001953125,4005.699951171875,4127.706614272238,-0.02625379561293495,0.003404822494283397,122.00666310036286
2026-07-13,4005.699951171875,4069.699951171875,4012.099798928869,0.015977232638524574,0.0015976852572599813,57.60015224300605
2026-07-14,4069.699951171875,4051.800048828125,4068.6212555564002,-0.0043983346582088245,-0.00026505531818490517,16.82120672827523
2026-07-15,4051.800048828125,3992.10009765625,4065.399711498056,-0.014734179982336837,0.003356449604137033,73.29961384180615
2026-07-16,3992.10009765625,4018.800048828125,4006.923300931049,0.006688196818398939,0.0037131341680290324,11.876747897075802
2026-07-17,4018.800048828125,4015.89990234375,4024.309191401923,-0.0007216448813422982,0.0013708426661845068,8.409289058172817
2026-07-20,4015.89990234375,4076.39990234375,4028.3467117778823,0.015065116529595635,0.003099382389204462,48.05319056586768
2026-07-21,4076.39990234375,4151.89990234375,4078.3223551838114,0.018521244678813442,0.0004716055554206336,73.5775471599386
2026-07-22,4151.89990234375,4050.199951171875,4151.582531465901,-0.024494798420950703,-7.643991553583718e-05,101.38258029402641
2026-07-23,4050.199951171875,4070.800048828125,4049.640784575561,0.005086192757048913,-0.0001380590101859043,21.159264252563844
2026-07-24,4070.800048828125,4077.0,4084.2142183764827,0.0015230301408835079,0.0032952170058609407,7.214218376482677
2026-07-27,4077.0,4038.699951171875,4080.662066952466,-0.009394174350778717,0.0008982258897390318,41.96211578059092
2026-07-28,4038.699951171875,4036.300048828125,4051.8447834989024,-0.0005942264522655893,0.003254718717891635,15.544734670777416
2026-07-29,4036.300048828125,4100.10009765625,4032.5311042538774,0.015806567414790695,-0.000933762239836825,67.5689934023726
2026-07-30,4100.10009765625,4107.0,4093.5784290528436,0.001682861925174528,-0.001590612045577748,13.421570947156397
2026-07-31,4107.0,4090.5,4099.023491133613,-0.0040175310445580426,-0.0019421740604789156,8.523491133612879
2026-08-03,4090.5,4152.60009765625,4098.895551707148,0.01518154202573041,0.002052451217980357,53.704545949101885
2026-08-04,4152.60009765625,4305.2001953125,4159.291148336075,0.03674808410816599,0.0016112918466677703,145.9090469764251
2026-08-05,4305.2001953125,4299.60009765625,4289.756019419712,-0.0013007752025904207,-0.0035873304822394082,9.844078236537825
2026-08-06,4299.60009765625,4399.7001953125,4323.654965411917,0.023281257647848497,0.005594675599895954,76.04522990058285
2026-08-07,4399.7001953125,4419.7001953125,4380.317403760302,0.00454576428214537,-0.004405480076312695,39.38279155219789
2026-08-10,4419.7001953125,4441.10009765625,4414.582597043514,0.004841935289286559,-0.0011579062024191303,26.517500612735603
2026-08-11,4441.10009765625,4467.5,4453.9258364979,0.005944451096178138,0.0028879643691026454,13.574163502100419
2026-08-12,4467.5,4420.39990234375,4453.687376598473,-0.010542831036653655,-0.0030918015448298357,33.28747425472284
2026-08-13,4420.39990234375,4437.2998046875,4415.914305425089,0.0038231614146018167,-0.0010147491217440516,21.38549926241103
2026-08-14,4437.2998046875,4473.7001953125,4444.078836656068,0.008203275015708167,0.001527738099059014,29.621358656431767
2026-08-17,4473.7001953125,4420.60009765625,4465.971456264636,-0.011869391183586209,-0.0017275943202366799,45.37135860838589
2026-08-18,4420.60009765625,4545.2998046875,4415.213613591095,0.028208773532209852,-0.001218496119567831,130.08619109640495
2026-08-19,4545.2998046875,4571.39990234375,4544.273541291181,0.005742216966487801,-0.00022578563360347892,27.126361052569337
2026-08-20,4571.39990234375,4680.60009765625,4563.67751679058,0.02388769253298384,-0.0016892824338581116,116.92258086567017
2026-08-21,4680.60009765625,4697.7998046875,4654.399451842769,0.003674679885569132,-0.005597710820584843,43.40035284473106
2026-08-24,4697.7998046875,4694.5,4697.791433587178,-0.000702414922876704,-1.7819193388518804e-06,3.2914335871782896
2026-08-25,4694.5,4653.2998046875,4711.7265062986025,-0.008776269104803447,0.0036695082114394477,58.426701611102544
2026-08-26,4653.2998046875,4664.0,4651.014330223555,0.002299485475172114,-0.0004911513463291657,12.98566977644532
2026-08-27,4664.0,4529.89990234375,4669.573836514951,-0.028752165020636822,0.0011950764397409273,139.67393417120093
2026-08-28,4529.89990234375,4481.5,4515.644719846809,-0.010684541245317147,-0.003146908939326935,34.144719846808584
2026-08-31,4481.5,4396.39990234375,4501.744274736834,-0.018989199521644573,0.004517298836736274,105.34437239308409
2026-09-01,4396.39990234375,4414.60009765625,4401.868539327636,0.004139795222631415,0.0012438897974161684,12.731558328613573
2026-09-02,4414.60009765625,4539.89990234375,4423.247787787287,0.028383047595641253,0.0019588841434648513,116.65211455646295
2026-09-03,4539.89990234375,4476.60009765625,4581.436146043692,-0.013942995671517133,0.009149154076832837,104.83604838744213
2026-09-04,4476.60009765625,4439.0,4478.981620877486,-0.008399253191263556,0.0005319937383916611,39.98162087748642
2026-09-08,4439.0,4460.7001953125,4444.408491489211,0.004888532397499423,0.001218403128905415,16.291703823289026
2026-09-09,4460.7001953125,4407.2998046875,4472.614340121036,-0.011971302326283961,0.002670913598061351,65.31453543353564
2026-09-10,4407.2998046875,4408.89990234375,4408.99615217646,0.0003630562310619201,0.000384894961571609,0.09624983270987286
2026-09-11,4408.89990234375,4351.89990234375,4410.180193518212,-0.012928395124075953,0.00029038789784757696,58.280291174462036
2026-09-14,4351.89990234375,4332.7998046875,4364.691425395414,-0.004388910150705305,0.0029392962473183248,31.891620707913717
2026-09-15,4332.7998046875,4387.5,4351.532369545168,0.01262467637053577,0.004323431892099402,35.96763045483203
2026-09-16,4387.5,4399.7001953125,4373.649576937002,0.002780671296296333,-0.0031567915813101345,26.050618375497834
2026-09-17,4399.7001953125,4424.89990234375,4405.556087564453,0.005727596407159252,0.001330975291951053,19.343814779296736
2026-09-18,4424.89990234375,4383.89990234375,4426.896424249304,-0.009265746323048663,0.000451201597689651,42.99652190555389
2026-09-21,4383.89990234375,4401.7998046875,4402.640457951772,0.004083100148837948,0.004274859377606508,0.8406532642720776
